<?xml version="1.0" ?>
<!--MOLLI PACKAGE EXPERIMENTAL XML FORMAT-->
<molecule name="BASE_TS_R-ax-S_2a.mol2_obabel_ClC#Cc1ccc_CC_cc1_tmp.xyz_to.mol2">
	<atoms>
		<a id="1" s="C" t="C.ar" l="C1"/>
		<a id="2" s="C" t="C" l="C"/>
		<a id="3" s="C" t="C.ar" l="C3"/>
		<a id="4" s="C" t="C.ar" l="C4"/>
		<a id="5" s="C" t="C.ar" l="C5"/>
		<a id="6" s="N" t="N.ar" l="N6"/>
		<a id="7" s="H" t="H" l="H7"/>
		<a id="8" s="C" t="C.ar" l="C8"/>
		<a id="9" s="C" t="C.ar" l="C9"/>
		<a id="10" s="C" t="C.ar" l="C10"/>
		<a id="11" s="C" t="C.ar" l="C11"/>
		<a id="12" s="C" t="C.ar" l="C12"/>
		<a id="13" s="H" t="H" l="H13"/>
		<a id="14" s="H" t="H" l="H14"/>
		<a id="15" s="H" t="H" l="H15"/>
		<a id="16" s="C" t="C.ar" l="C16"/>
		<a id="17" s="C" t="C.ar" l="C17"/>
		<a id="18" s="C" t="C.ar" l="C18"/>
		<a id="19" s="C" t="C.ar" l="C19"/>
		<a id="20" s="C" t="C.ar" l="C20"/>
		<a id="21" s="H" t="H" l="H21"/>
		<a id="22" s="C" t="C.ar" l="C22"/>
		<a id="23" s="H" t="H" l="H23"/>
		<a id="24" s="C" t="C.ar" l="C24"/>
		<a id="25" s="H" t="H" l="H25"/>
		<a id="26" s="H" t="H" l="H26"/>
		<a id="27" s="H" t="H" l="H27"/>
		<a id="28" s="F" t="F" l="F28"/>
		<a id="29" s="C" t="C.3" l="C29"/>
		<a id="30" s="H" t="H" l="H30"/>
		<a id="31" s="H" t="H" l="H31"/>
		<a id="32" s="H" t="H" l="H32"/>
		<a id="33" s="C" t="C.3" l="C33"/>
		<a id="34" s="C" t="C.3" l="C34"/>
		<a id="35" s="C" t="C.3" l="C35"/>
		<a id="36" s="H" t="H" l="H36"/>
		<a id="37" s="H" t="H" l="H37"/>
		<a id="38" s="C" t="C.3" l="C38"/>
		<a id="39" s="H" t="H" l="H39"/>
		<a id="40" s="H" t="H" l="H40"/>
		<a id="41" s="H" t="H" l="H41"/>
		<a id="42" s="H" t="H" l="H42"/>
		<a id="43" s="H" t="H" l="H43"/>
		<a id="44" s="H" t="H" l="H44"/>
		<a id="45" s="N" t="N.pl3" l="N45"/>
		<a id="46" s="O" t="O.3" l="O46"/>
		<a id="47" s="I" t="I" l="I"/>
		<a id="48" s="H" t="H" l="H"/>
		<a id="49" s="C" t="C.ar" l="C49"/>
		<a id="50" s="C" t="C.ar" l="C50"/>
		<a id="51" s="C" t="C.ar" l="C51"/>
		<a id="52" s="C" t="C.ar" l="C52"/>
		<a id="53" s="C" t="C.ar" l="C53"/>
		<a id="54" s="C" t="C.ar" l="C54"/>
		<a id="55" s="H" t="H" l="H55"/>
		<a id="56" s="H" t="H" l="H56"/>
		<a id="57" s="C" t="C.ar" l="C57"/>
		<a id="58" s="C" t="C.ar" l="C58"/>
		<a id="59" s="H" t="H" l="H59"/>
		<a id="60" s="H" t="H" l="H60"/>
		<a id="61" s="C" t="C.ar" l="C61"/>
		<a id="62" s="C" t="C.ar" l="C62"/>
		<a id="63" s="H" t="H" l="H63"/>
		<a id="64" s="C" t="C.ar" l="C64"/>
		<a id="65" s="C" t="C.ar" l="C65"/>
		<a id="66" s="C" t="C.ar" l="C66"/>
		<a id="67" s="C" t="C.ar" l="C67"/>
		<a id="68" s="C" t="C.ar" l="C68"/>
		<a id="69" s="C" t="C.ar" l="C69"/>
		<a id="70" s="C" t="C.ar" l="C70"/>
		<a id="71" s="C" t="C.ar" l="C71"/>
		<a id="72" s="C" t="C.ar" l="C72"/>
		<a id="73" s="H" t="H" l="H73"/>
		<a id="74" s="H" t="H" l="H74"/>
		<a id="75" s="C" t="C.ar" l="C75"/>
		<a id="76" s="H" t="H" l="H76"/>
		<a id="77" s="H" t="H" l="H77"/>
		<a id="78" s="H" t="H" l="H78"/>
		<a id="79" s="S" t="S.O2" l="S79"/>
		<a id="80" s="O" t="O.2" l="O80"/>
		<a id="81" s="O" t="O.2" l="O81"/>
		<a id="82" s="S" t="S.O2" l="S82"/>
		<a id="83" s="O" t="O.2" l="O83"/>
		<a id="84" s="O" t="O.2" l="O84"/>
		<a id="85" s="N" t="N.3" l="N85"/>
		<a id="86" s="C" t="C.1" l="C"/>
		<a id="87" s="C" t="C.1" l="C"/>
		<a id="88" s="C" t="C.ar" l="C"/>
		<a id="89" s="C" t="C.ar" l="C"/>
		<a id="90" s="C" t="C.ar" l="C"/>
		<a id="91" s="C" t="C.ar" l="C"/>
		<a id="92" s="C" t="C.3" l="C"/>
		<a id="93" s="C" t="C.3" l="C"/>
		<a id="94" s="C" t="C.ar" l="C"/>
		<a id="95" s="C" t="C.ar" l="C"/>
		<a id="96" s="H" t="H" l="H"/>
		<a id="97" s="H" t="H" l="H"/>
		<a id="98" s="H" t="H" l="H"/>
		<a id="99" s="H" t="H" l="H"/>
		<a id="100" s="H" t="H" l="H"/>
		<a id="101" s="H" t="H" l="H"/>
		<a id="102" s="H" t="H" l="H"/>
		<a id="103" s="H" t="H" l="H"/>
		<a id="104" s="H" t="H" l="H"/>
		<a id="105" s="C" t="C.1" l="C"/>
		<a id="106" s="C" t="C.1" l="C"/>
		<a id="107" s="C" t="C.ar" l="C"/>
		<a id="108" s="C" t="C.ar" l="C"/>
		<a id="109" s="C" t="C.ar" l="C"/>
		<a id="110" s="C" t="C.ar" l="C"/>
		<a id="111" s="C" t="C.3" l="C"/>
		<a id="112" s="C" t="C.3" l="C"/>
		<a id="113" s="C" t="C.ar" l="C"/>
		<a id="114" s="C" t="C.ar" l="C"/>
		<a id="115" s="H" t="H" l="H"/>
		<a id="116" s="H" t="H" l="H"/>
		<a id="117" s="H" t="H" l="H"/>
		<a id="118" s="H" t="H" l="H"/>
		<a id="119" s="H" t="H" l="H"/>
		<a id="120" s="H" t="H" l="H"/>
		<a id="121" s="H" t="H" l="H"/>
		<a id="122" s="H" t="H" l="H"/>
		<a id="123" s="H" t="H" l="H"/>
	</atoms>
	<bonds>
		<b id="1" c="1 2" t="ar"/>
		<b id="2" c="1 6" t="ar"/>
		<b id="3" c="1 8" t="1"/>
		<b id="4" c="2 3" t="ar"/>
		<b id="5" c="2 47" t="1"/>
		<b id="6" c="2 48" t="1"/>
		<b id="7" c="3 4" t="ar"/>
		<b id="8" c="3 29" t="1"/>
		<b id="9" c="4 5" t="ar"/>
		<b id="10" c="4 7" t="1"/>
		<b id="11" c="5 6" t="ar"/>
		<b id="12" c="5 45" t="1"/>
		<b id="13" c="8 9" t="ar"/>
		<b id="14" c="8 16" t="ar"/>
		<b id="15" c="9 10" t="ar"/>
		<b id="16" c="9 17" t="1"/>
		<b id="17" c="10 12" t="ar"/>
		<b id="18" c="10 13" t="1"/>
		<b id="19" c="11 12" t="ar"/>
		<b id="20" c="11 15" t="1"/>
		<b id="21" c="11 16" t="ar"/>
		<b id="22" c="12 14" t="1"/>
		<b id="23" c="16 28" t="1"/>
		<b id="24" c="17 18" t="ar"/>
		<b id="25" c="17 19" t="ar"/>
		<b id="26" c="18 20" t="ar"/>
		<b id="27" c="18 21" t="1"/>
		<b id="28" c="19 22" t="ar"/>
		<b id="29" c="19 23" t="1"/>
		<b id="30" c="20 24" t="ar"/>
		<b id="31" c="20 25" t="1"/>
		<b id="32" c="22 24" t="ar"/>
		<b id="33" c="22 26" t="1"/>
		<b id="34" c="24 27" t="1"/>
		<b id="35" c="29 30" t="1"/>
		<b id="36" c="29 31" t="1"/>
		<b id="37" c="29 32" t="1"/>
		<b id="38" c="33 35" t="1"/>
		<b id="39" c="33 36" t="1"/>
		<b id="40" c="33 37" t="1"/>
		<b id="41" c="33 45" t="1"/>
		<b id="42" c="34 38" t="1"/>
		<b id="43" c="34 39" t="1"/>
		<b id="44" c="34 40" t="1"/>
		<b id="45" c="34 45" t="1"/>
		<b id="46" c="35 41" t="1"/>
		<b id="47" c="35 42" t="1"/>
		<b id="48" c="35 46" t="1"/>
		<b id="49" c="38 43" t="1"/>
		<b id="50" c="38 44" t="1"/>
		<b id="51" c="38 46" t="1"/>
		<b id="52" c="48 85" t="1"/>
		<b id="53" c="49 50" t="ar"/>
		<b id="54" c="49 54" t="ar"/>
		<b id="55" c="49 55" t="1"/>
		<b id="56" c="50 51" t="ar"/>
		<b id="57" c="50 56" t="1"/>
		<b id="58" c="51 52" t="ar"/>
		<b id="59" c="51 57" t="ar"/>
		<b id="60" c="52 53" t="ar"/>
		<b id="61" c="52 58" t="ar"/>
		<b id="62" c="53 54" t="ar"/>
		<b id="63" c="53 59" t="1"/>
		<b id="64" c="54 60" t="1"/>
		<b id="65" c="57 62" t="ar"/>
		<b id="66" c="57 64" t="1"/>
		<b id="67" c="58 61" t="ar"/>
		<b id="68" c="58 63" t="1"/>
		<b id="69" c="61 62" t="ar"/>
		<b id="70" c="62 79" t="1"/>
		<b id="71" c="64 65" t="ar"/>
		<b id="72" c="64 66" t="ar"/>
		<b id="73" c="65 67" t="ar"/>
		<b id="74" c="65 82" t="1"/>
		<b id="75" c="66 68" t="ar"/>
		<b id="76" c="66 69" t="ar"/>
		<b id="77" c="67 70" t="ar"/>
		<b id="78" c="68 70" t="ar"/>
		<b id="79" c="68 71" t="ar"/>
		<b id="80" c="69 72" t="ar"/>
		<b id="81" c="69 73" t="1"/>
		<b id="82" c="70 74" t="1"/>
		<b id="83" c="71 75" t="ar"/>
		<b id="84" c="71 76" t="1"/>
		<b id="85" c="72 75" t="ar"/>
		<b id="86" c="72 77" t="1"/>
		<b id="87" c="75 78" t="1"/>
		<b id="88" c="79 80" t="2"/>
		<b id="89" c="79 81" t="2"/>
		<b id="90" c="79 85" t="1"/>
		<b id="91" c="82 83" t="2"/>
		<b id="92" c="82 84" t="2"/>
		<b id="93" c="82 85" t="1"/>
		<b id="94" c="104 95" t="1"/>
		<b id="95" c="103 94" t="1"/>
		<b id="96" c="95 94" t="ar"/>
		<b id="97" c="95 88" t="ar"/>
		<b id="98" c="94 91" t="ar"/>
		<b id="99" c="86 87" t="3"/>
		<b id="100" c="87 88" t="1"/>
		<b id="101" c="88 89" t="ar"/>
		<b id="102" c="99 92" t="1"/>
		<b id="103" c="100 93" t="1"/>
		<b id="104" c="91 92" t="1"/>
		<b id="105" c="91 90" t="ar"/>
		<b id="106" c="92 93" t="1"/>
		<b id="107" c="92 98" t="1"/>
		<b id="108" c="93 101" t="1"/>
		<b id="109" c="93 102" t="1"/>
		<b id="110" c="89 90" t="ar"/>
		<b id="111" c="89 96" t="1"/>
		<b id="112" c="90 97" t="1"/>
		<b id="113" c="67 86" t="1"/>
		<b id="114" c="123 114" t="1"/>
		<b id="115" c="122 113" t="1"/>
		<b id="116" c="114 113" t="ar"/>
		<b id="117" c="114 107" t="ar"/>
		<b id="118" c="113 110" t="ar"/>
		<b id="119" c="105 106" t="3"/>
		<b id="120" c="106 107" t="1"/>
		<b id="121" c="107 108" t="ar"/>
		<b id="122" c="118 111" t="1"/>
		<b id="123" c="119 112" t="1"/>
		<b id="124" c="110 111" t="1"/>
		<b id="125" c="110 109" t="ar"/>
		<b id="126" c="111 112" t="1"/>
		<b id="127" c="111 117" t="1"/>
		<b id="128" c="112 120" t="1"/>
		<b id="129" c="112 121" t="1"/>
		<b id="130" c="108 109" t="ar"/>
		<b id="131" c="108 115" t="1"/>
		<b id="132" c="109 116" t="1"/>
		<b id="133" c="61 105" t="1"/>
	</bonds>
	<geometry>
		<g u="A" t="cart/3d">#123,3:-6.4056,-3.5786,0.0296;-5.1410,-3.8829,0.8332;-5.0613,-3.3122,2.2048;-6.0376,-2.4860,2.5822;-7.1627,-2.2254,1.7481;-7.3311,-2.8062,0.5460;-5.9880,-2.0445,3.5656;-6.6734,-4.1884,-1.2750;-7.9481,-4.7100,-1.5405;-8.2684,-5.1357,-2.8238;-6.0781,-4.5576,-3.6008;-7.3459,-5.0505,-3.8507;-9.2493,-5.5487,-3.0064;-7.6080,-5.3772,-4.8454;-5.3331,-4.4851,-4.3765;-5.7570,-4.1355,-2.3243;-8.9283,-4.8866,-0.4567;-10.2242,-4.4000,-0.5908;-8.5883,-5.6004,0.6891;-11.1633,-4.6250,0.3991;-10.4814,-3.8262,-1.4682;-9.5291,-5.8252,1.6766;-7.5892,-5.9992,0.7919;-10.8199,-5.3424,1.5329;-12.1674,-4.2437,0.2839;-9.2574,-6.3885,2.5575;-11.5565,-5.5277,2.3008;-4.5122,-3.6778,-2.1170;-3.9344,-3.7043,3.0481;-3.9564,-4.7762,3.2579;-2.9944,-3.4850,2.5360;-3.9410,-3.1593,3.9900;-9.4641,-1.4504,1.5077;-8.1735,-0.5784,3.3118;-10.4756,-1.9732,2.5360;-9.4229,-2.0990,0.6352;-9.7437,-0.4372,1.2073;-9.2116,-1.1302,4.3002;-7.1909,-0.5062,3.7709;-8.4866,0.4258,3.0030;-10.2278,-3.0142,2.7909;-11.4878,-1.9319,2.1329;-8.9078,-2.1374,4.6255;-9.3073,-0.4803,5.1714;-8.1615,-1.4122,2.1346;-10.4843,-1.1778,3.7014;-4.0643,-5.6318,0.3440;-4.3226,-2.8131,0.0513;-1.4202,4.2506,-1.9676;-2.0429,3.2954,-1.2128;-1.4096,2.0655,-0.9396;-0.1192,1.8257,-1.4838;0.4984,2.8377,-2.2515;-0.1360,4.0241,-2.4859;-1.9177,5.1868,-2.1733;-3.0346,3.4740,-0.8259;-2.0278,1.0409,-0.1660;0.5081,0.5886,-1.2637;1.4816,2.6482,-2.6571;0.3410,4.7914,-3.0777;-0.1165,-0.4124,-0.5461;-1.3860,-0.1553,0.0196;1.4847,0.4064,-1.6881;-3.3471,1.3283,0.4390;-4.4975,0.7824,-0.0691;-3.4181,2.2605,1.5144;-5.7712,1.1706,0.4102;-4.6927,2.6238,2.0252;-2.2647,2.8040,2.1152;-5.8522,2.0892,1.4368;-4.7632,3.5299,3.1057;-2.3679,3.6751,3.1645;-1.2946,2.5136,1.7423;-6.8212,2.4042,1.7979;-3.6268,4.0455,3.6613;-5.7368,3.8046,3.4862;-1.4777,4.0820,3.6204;-3.6889,4.7370,4.4887;-2.3357,-1.4152,0.8308;-2.8374,-0.8470,2.0583;-1.5853,-2.6364,0.9397;-4.2961,-0.6218,-1.1458;-3.4469,-0.2254,-2.2332;-5.5770,-1.1899,-1.4674;-3.5305,-1.6643,-0.2026;-6.9350,0.6742,-0.2074;-7.9620,0.3451,-0.7526;-9.0370,-0.1858,-1.4943;-10.3280,0.3382,-1.4213;-11.3377,-0.2127,-2.1840;-11.0898,-1.2869,-3.0328;-12.2073,-1.8780,-3.8450;-13.0722,-2.8166,-3.0005;-9.8000,-1.8064,-3.0956;-8.7789,-1.2677,-2.3395;-10.5309,1.1841,-0.7792;-12.3343,0.2032,-2.1327;-11.7969,-2.4308,-4.6921;-12.8359,-1.0746,-4.2363;-12.4877,-3.6634,-2.6481;-13.9048,-3.1956,-3.5886;-13.4700,-2.2907,-2.1352;-9.5908,-2.6363,-3.7569;-7.7717,-1.6515,-2.3832;0.5017,-1.6648,-0.3863;1.1014,-2.7118,-0.3165;1.6103,-4.0133,-0.1416;0.7563,-4.9865,0.3859;1.2138,-6.2745,0.5676;2.5212,-6.6219,0.2394;2.9977,-8.0371,0.3981;2.7218,-8.8372,-0.8771;3.3639,-5.6473,-0.2838;2.9205,-4.3537,-0.4766;-0.2516,-4.6980,0.6428;0.5498,-7.0256,0.9722;2.4821,-8.5098,1.2367;4.0701,-8.0481,0.6051;3.2394,-8.3900,-1.7230;1.6560,-8.8443,-1.0938;3.0618,-9.8644,-0.7648;4.3814,-5.9080,-0.5409;3.5827,-3.6025,-0.8830;</g>
	</geometry>
	<conformers>
		<g id="1" u="A" t="cart/3d">#123,3:-6.4585,-3.5902,0.0629;-5.1938,-3.8998,0.8649;-5.1030,-3.3167,2.2303;-6.0689,-2.4770,2.6039;-7.1933,-2.2111,1.7703;-7.3739,-2.8035,0.5758;-6.0118,-2.0268,3.5829;-6.7374,-4.2100,-1.2343;-8.0201,-4.7164,-1.4914;-8.3490,-5.1528,-2.7688;-6.1535,-4.6126,-3.5576;-7.4279,-5.0923,-3.7987;-9.3361,-5.5540,-2.9446;-7.6970,-5.4273,-4.7888;-5.4096,-4.5578,-4.3359;-5.8237,-4.1801,-2.2868;-9.0025,-4.8636,-0.4050;-10.2891,-4.3544,-0.5444;-8.6756,-5.5708,0.7486;-11.2320,-4.5506,0.4482;-10.5361,-3.7854,-1.4278;-9.6201,-5.7670,1.7387;-7.6839,-5.9866,0.8559;-10.9018,-5.2616,1.5898;-12.2286,-4.1516,0.3287;-9.3588,-6.3253,2.6259;-11.6415,-5.4244,2.3599;-4.5731,-3.7340,-2.0887;-3.9767,-3.7128,3.0731;-4.0101,-4.7818,3.2948;-3.0367,-3.5099,2.5544;-3.9728,-3.1573,4.0088;-9.4859,-1.4107,1.5318;-8.1725,-0.5271,3.3141;-10.4964,-1.9050,2.5753;-9.4583,-2.0739,0.6697;-9.7550,-0.3992,1.2164;-9.2099,-1.0507,4.3182;-7.1855,-0.4590,3.7643;-8.4764,0.4756,2.9914;-10.2591,-2.9449,2.8445;-11.5109,-1.8579,2.1789;-8.9162,-2.0564,4.6571;-9.2918,-0.3862,5.1797;-8.1790,-1.3791,2.1500;-10.4872,-1.0919,3.7284;-4.1372,-5.6645,0.3886;-4.3674,-2.8465,0.0691;-1.4024,4.1652,-2.0334;-2.0313,3.2248,-1.2654;-1.4090,1.9918,-0.9811;-0.1232,1.7335,-1.5275;0.5011,2.7306,-2.3093;-0.1227,3.9202,-2.5545;-1.8914,5.1040,-2.2477;-3.0197,3.4175,-0.8766;-2.0343,0.9815,-0.1944;0.4940,0.4938,-1.2942;1.4807,2.5264,-2.7166;0.3591,4.6762,-3.1570;-0.1373,-0.4931,-0.5631;-1.4037,-0.2191,0.0013;1.4683,0.2984,-1.7181;-3.3481,1.2886,0.4130;-4.5061,0.7497,-0.0851;-3.4052,2.2322,1.4794;-5.7740,1.1573,0.3937;-4.6740,2.6141,1.9910;-2.2440,2.7692,2.0706;-5.8414,2.0869,1.4113;-4.7310,3.5315,3.0627;-2.3341,3.6522,3.1112;-1.2783,2.4645,1.6975;-6.8055,2.4169,1.7721;-3.5871,4.0408,3.6088;-5.7002,3.8200,3.4442;-1.4380,4.0542,3.5597;-3.6390,4.7414,4.4293;-2.3631,-1.4614,0.8281;-2.8541,-0.8763,2.0519;-1.6250,-2.6890,0.9463;-4.3229,-0.6672,-1.1485;-3.4741,-0.2897,-2.2429;-5.6109,-1.2248,-1.4597;-3.5645,-1.7081,-0.1983;-6.9448,0.6684,-0.2168;-7.9770,0.3463,-0.7566;-9.0541,-0.1816,-1.4978;-8.8004,-1.2746,-2.3301;-9.8209,-1.8106,-3.0888;-11.1057,-1.2773,-3.0418;-12.2215,-1.8650,-3.8590;-13.0965,-2.7968,-3.0173;-11.3495,-0.1929,-2.2051;-10.3404,0.3553,-1.4394;-7.7967,-1.6682,-2.3624;-9.6150,-2.6491,-3.7402;-12.8435,-1.0597,-4.2567;-11.8085,-2.4225,-4.7018;-13.9284,-3.1716,-3.6093;-12.5193,-3.6467,-2.6605;-13.4957,-2.2669,-2.1552;-12.3422,0.2335,-2.1658;-10.5401,1.2094,-0.8072;0.4742,-1.7465,-0.3858;1.0683,-2.7952,-0.2964;1.5761,-4.0940,-0.0992;2.8832,-4.4435,-0.4359;3.3256,-5.7336,-0.2190;2.4852,-6.6953,0.3305;2.9599,-8.1079,0.5153;2.6645,-8.9357,-0.7373;1.1807,-6.3388,0.6605;0.7240,-5.0543,0.4546;3.5438,-3.7022,-0.8625;4.3409,-6.0015,-0.4779;2.4541,-8.5595,1.3711;4.0347,-8.1176,0.7083;1.5960,-8.9441,-0.9393;3.1717,-8.5097,-1.6001;3.0028,-9.9612,-0.6063;0.5187,-7.0802,1.0855;-0.2816,-4.7584,0.7115;</g>
		<g id="2" u="A" t="cart/3d">#123,3:-6.3775,-3.5580,-0.0244;-5.1134,-3.8702,0.7774;-5.0379,-3.3182,2.1568;-6.0168,-2.4995,2.5439;-7.1412,-2.2309,1.7118;-7.3058,-2.7948,0.5009;-5.9692,-2.0731,3.5339;-6.6412,-4.1504,-1.3374;-7.9134,-4.6744,-1.6131;-8.2237,-5.0968,-2.9000;-6.0324,-4.5046,-3.6626;-7.2958,-5.0040,-3.9212;-9.2017,-5.5138,-3.0895;-7.5504,-5.3295,-4.9184;-5.2839,-4.4250,-4.4343;-5.7203,-4.0874,-2.3823;-8.9024,-4.8590,-0.5382;-10.2030,-4.3872,-0.6840;-8.5644,-5.5672,0.6119;-11.1446,-4.6147,0.3033;-10.4672,-3.8249,-1.5671;-9.5088,-5.7969,1.5947;-7.5632,-5.9587,0.7221;-10.8020,-5.3231,1.4429;-12.1509,-4.2420,0.1804;-9.2378,-6.3564,2.4783;-11.5413,-5.5100,2.2079;-4.4789,-3.6241,-2.1668;-3.9118,-3.7191,2.9969;-3.9246,-4.7954,3.1825;-2.9716,-3.4802,2.4940;-3.9275,-3.1954,3.9507;-9.4430,-1.4536,1.4773;-8.1548,-0.6054,3.2959;-10.4640,-1.9758,2.4966;-9.4016,-2.0972,0.6011;-9.7142,-0.4367,1.1816;-9.2035,-1.1563,4.2734;-7.1749,-0.5480,3.7624;-8.4554,0.4054,2.9960;-10.2258,-3.0204,2.7457;-11.4734,-1.9237,2.0879;-8.9100,-2.1686,4.5928;-9.2982,-0.5123,5.1492;-8.1433,-1.4278,2.1106;-10.4730,-1.1886,3.6675;-4.0316,-5.6102,0.2668;-4.2961,-2.7878,0.0120;-1.3952,4.3148,-1.8935;-2.0234,3.3436,-1.1640;-1.3876,2.1128,-0.9015;-0.0892,1.8879,-1.4330;0.5344,2.9164,-2.1730;-0.1020,4.1041,-2.3954;-1.8955,5.2512,-2.0906;-3.0219,3.5108,-0.7896;-2.0093,1.0743,-0.1490;0.5415,0.6508,-1.2236;1.5248,2.7398,-2.5669;0.3810,4.8841,-2.9654;-0.0869,-0.3643,-0.5292;-1.3655,-0.1229,0.0223;1.5258,0.4804,-1.6351;-3.3311,1.3530,0.4542;-4.4789,0.8081,-0.0599;-3.4079,2.2819,1.5325;-5.7556,1.1967,0.4119;-4.6852,2.6461,2.0358;-2.2581,2.8249,2.1403;-5.8419,2.1131,1.4402;-4.7615,3.5543,3.1140;-2.3667,3.6981,3.1874;-1.2857,2.5333,1.7743;-6.8128,2.4293,1.7947;-3.6283,4.0710,3.6754;-5.7371,3.8312,3.4880;-1.4787,4.1048,3.6476;-3.6957,4.7650,4.5002;-2.3136,-1.3963,0.8144;-2.8194,-0.8460,2.0485;-1.5608,-2.6170,0.9075;-4.2723,-0.5805,-1.1552;-3.4218,-0.1673,-2.2353;-5.5511,-1.1473,-1.4870;-3.5061,-1.6339,-0.2248;-6.9141,0.7028,-0.2171;-7.9362,0.3742,-0.7720;-8.9878,-0.1796,-1.5302;-8.6781,-1.2268,-2.4020;-9.6748,-1.8052,-3.1600;-10.9928,-1.3674,-3.0656;-12.0677,-1.9766,-3.9193;-12.2216,-1.1918,-5.2238;-11.2903,-0.3196,-2.2007;-10.3036,0.2750,-1.4402;-7.6531,-1.5575,-2.4580;-9.4281,-2.6115,-3.8374;-11.8156,-3.0135,-4.1527;-13.0187,-1.9683,-3.3816;-12.9955,-1.6348,-5.8465;-12.4925,-0.1595,-5.0145;-11.2854,-1.1933,-5.7773;-12.3094,0.0336,-2.1262;-10.5471,1.0964,-0.7804;0.5423,-1.6115,-0.3712;1.1605,-2.6472,-0.2953;1.6920,-3.9390,-0.1165;3.0069,-4.2574,-0.4556;3.4737,-5.5420,-0.2615;2.6506,-6.5305,0.2678;3.1540,-7.9361,0.4265;2.9255,-8.7317,-0.8605;1.3400,-6.2044,0.6024;0.8586,-4.9251,0.4186;3.6540,-3.4956,-0.8667;4.4943,-5.7857,-0.5230;2.6304,-8.4267,1.2494;4.2214,-7.9254,0.6576;1.8654,-8.7619,-1.1016;3.4513,-8.2660,-1.6910;3.2867,-9.7516,-0.7480;0.6911,-6.9650,1.0131;-0.1537,-4.6552,0.6784;</g>
		<g id="3" u="A" t="cart/3d">#123,3:-6.4408,-3.5561,0.0056;-5.1804,-3.8782,0.8093;-5.0954,-3.3132,2.1830;-6.0622,-2.4769,2.5625;-7.1829,-2.2001,1.7279;-7.3575,-2.7748,0.5240;-6.0094,-2.0400,3.5478;-6.7144,-4.1585,-1.3010;-7.9940,-4.6679,-1.5700;-8.3114,-5.0984,-2.8525;-6.1136,-4.5430,-3.6235;-7.3838,-5.0277,-3.8759;-9.2950,-5.5043,-3.0369;-7.6444,-5.3588,-4.8696;-5.3644,-4.4802,-4.3961;-5.7941,-4.1183,-2.3474;-8.9842,-4.8285,-0.4924;-10.2802,-4.3456,-0.6433;-8.6528,-5.5251,0.6667;-11.2232,-4.5508,0.3475;-10.5397,-3.7919,-1.5331;-9.5983,-5.7323,1.6532;-7.6554,-5.9253,0.7809;-10.8869,-5.2476,1.4960;-12.2259,-4.1700,0.2205;-9.3323,-6.2828,2.5440;-11.6275,-5.4171,2.2638;-4.5460,-3.6703,-2.1380;-3.9740,-3.7214,3.0260;-4.0094,-4.7933,3.2334;-3.0311,-3.5131,2.5147;-3.9739,-3.1785,3.9690;-9.4771,-1.4024,1.4958;-8.1680,-0.5368,3.2902;-10.4907,-1.9065,2.5316;-9.4478,-2.0571,0.6272;-9.7454,-0.3879,1.1900;-9.2075,-1.0715,4.2862;-7.1819,-0.4734,3.7432;-8.4712,0.4693,2.9776;-10.2559,-2.9496,2.7904;-11.5040,-1.8536,2.1327;-8.9147,-2.0811,4.6141;-9.2909,-0.4169,5.1552;-8.1718,-1.3765,2.1171;-10.4835,-1.1056,3.6933;-4.1240,-5.6379,0.3150;-4.3488,-2.8152,0.0320;-1.3486,4.2278,-1.9443;-1.9900,3.2737,-1.2039;-1.3725,2.0354,-0.9321;-0.0796,1.7855,-1.4656;0.5579,2.7968,-2.2178;-0.0606,3.9921,-2.4490;-1.8337,5.1707,-2.1489;-2.9844,3.4600,-0.8279;-2.0080,1.0132,-0.1687;0.5320,0.5400,-1.2489;1.5436,2.5992,-2.6136;0.4316,4.7596,-3.0280;-0.1101,-0.4591,-0.5443;-1.3813,-0.1917,0.0124;1.5110,0.3506,-1.6647;-3.3256,1.3155,0.4330;-4.4816,0.7823,-0.0760;-3.3882,2.2535,1.5042;-5.7519,1.1922,0.3949;-4.6598,2.6395,2.0060;-2.2302,2.7841,2.1075;-5.8243,2.1183,1.4155;-4.7226,3.5560,3.0782;-2.3259,3.6664,3.1482;-1.2623,2.4754,1.7435;-6.7902,2.4510,1.7687;-3.5815,4.0605,3.6345;-5.6940,3.8481,3.4512;-1.4321,4.0640,3.6052;-3.6378,4.7612,4.4546;-2.3463,-1.4435,0.8181;-2.8427,-0.8737,2.0471;-1.6104,-2.6737,0.9238;-4.2956,-0.6204,-1.1575;-3.4408,-0.2302,-2.2428;-5.5828,-1.1721,-1.4823;-3.5431,-1.6751,-0.2172;-6.9191,0.7079,-0.2260;-7.9483,0.3862,-0.7717;-9.0080,-0.1639,-1.5217;-8.7071,-1.2206,-2.3854;-9.7089,-1.7974,-3.1373;-11.0236,-1.3486,-3.0445;-12.1023,-1.9586,-3.8931;-12.2341,-1.2001,-5.2155;-11.3122,-0.2922,-2.1877;-10.3198,0.3014,-1.4330;-7.6844,-1.5587,-2.4391;-9.4701,-2.6109,-3.8085;-13.0569,-1.9245,-3.3630;-11.8643,-3.0038,-4.1027;-11.2945,-1.2299,-5.7623;-13.0115,-1.6435,-5.8337;-12.4885,-0.1588,-5.0308;-12.3287,0.0691,-2.1145;-10.5563,1.1295,-0.7792;0.4949,-1.7184,-0.3861;1.0826,-2.7719,-0.3144;1.5764,-4.0797,-0.1415;2.8826,-4.4360,-0.4748;3.3082,-5.7361,-0.2860;2.4516,-6.7014,0.2316;2.9074,-8.1242,0.3826;2.6302,-8.9092,-0.9015;1.1486,-6.3376,0.5599;0.7087,-5.0431,0.3821;3.5556,-3.6922,-0.8773;4.3227,-6.0094,-0.5425;2.3786,-8.5963,1.2130;3.9779,-8.1521,0.5978;3.1619,-8.4633,-1.7393;2.9529,-9.9426,-0.7952;1.5663,-8.8977,-1.1273;0.4743,-7.0814,0.9607;-0.2954,-4.7415,0.6381;</g>
		<g id="4" u="A" t="cart/3d">#123,3:-6.5259,-3.5471,-0.0066;-5.2688,-3.8897,0.7938;-5.1756,-3.3345,2.1708;-6.1316,-2.4884,2.5564;-7.2500,-2.1936,1.7257;-7.4324,-2.7575,0.5174;-6.0721,-2.0593,3.5447;-6.8083,-4.1377,-1.3168;-8.0933,-4.6323,-1.5864;-8.4182,-5.0514,-2.8709;-6.2165,-4.5131,-3.6429;-7.4923,-4.9832,-3.8958;-9.4064,-5.4458,-3.0555;-7.7580,-5.3047,-4.8914;-5.4692,-4.4532,-4.4176;-5.8896,-4.1004,-2.3649;-9.0824,-4.7887,-0.5073;-10.3721,-4.2870,-0.6508;-8.7567,-5.4983,0.6454;-11.3148,-4.4864,0.3414;-10.6262,-3.7233,-1.5359;-9.7024,-5.7002,1.6330;-7.7644,-5.9124,0.7537;-10.9846,-5.1966,1.4835;-12.3124,-4.0905,0.2206;-9.4414,-6.2609,2.5189;-11.7251,-5.3616,2.2524;-4.6363,-3.6669,-2.1558;-4.0585,-3.7618,3.0098;-4.1100,-4.8334,3.2143;-3.1135,-3.5683,2.4967;-4.0482,-3.2215,3.9542;-9.5380,-1.3710,1.5108;-8.2111,-0.5328,3.3049;-10.5485,-1.8781,2.5483;-9.5192,-2.0166,0.6352;-9.8003,-0.3510,1.2183;-9.2496,-1.0671,4.3023;-7.2223,-0.4826,3.7534;-8.5062,0.4791,3.0034;-10.3181,-2.9247,2.7965;-11.5640,-1.8157,2.1565;-8.9626,-2.0813,4.6213;-9.3231,-0.4184,5.1767;-8.2286,-1.3615,2.1240;-10.5292,-1.0872,3.7167;-4.2350,-5.6594,0.2874;-4.4249,-2.8324,0.0220;-1.3252,4.1699,-1.9419;-1.9819,3.2264,-1.2020;-1.3855,1.9769,-0.9327;-0.0981,1.7044,-1.4684;0.5539,2.7040,-2.2234;-0.0435,3.9107,-2.4513;-1.7931,5.1223,-2.1424;-2.9719,3.4291,-0.8227;-2.0363,0.9664,-0.1682;0.4970,0.4510,-1.2453;1.5345,2.4902,-2.6231;0.4609,4.6696,-3.0310;-0.1573,-0.5333,-0.5329;-1.4250,-0.2463,0.0156;1.4747,0.2475,-1.6576;-3.3479,1.2871,0.4375;-4.5127,0.7671,-0.0641;-3.3939,2.2288,1.5063;-5.7766,1.1922,0.4108;-4.6588,2.6308,2.0129;-2.2269,2.7501,2.1003;-5.8324,2.1208,1.4303;-4.7051,3.5532,3.0809;-2.3070,3.6393,3.1364;-1.2646,2.4295,1.7320;-6.7925,2.4656,1.7878;-3.5557,4.0489,3.6279;-5.6708,3.8581,3.4584;-1.4062,4.0305,3.5853;-3.6000,4.7546,4.4444;-2.4047,-1.4910,0.8147;-2.8926,-0.9221,2.0477;-1.6839,-2.7301,0.9114;-4.3454,-0.6312,-1.1539;-3.4867,-0.2450,-2.2377;-5.6397,-1.1647,-1.4810;-3.6053,-1.7007,-0.2211;-6.9510,0.7205,-0.2063;-7.9862,0.4105,-0.7479;-9.0484,-0.1312,-1.5008;-8.7497,-1.1757,-2.3801;-9.7534,-1.7445,-3.1356;-11.0689,-1.3011,-3.0308;-12.1501,-1.9023,-3.8823;-12.2968,-1.1199,-5.1893;-11.3558,-0.2573,-2.1579;-10.3613,0.3291,-1.4006;-7.7269,-1.5121,-2.4429;-9.5152,-2.5487,-3.8183;-11.9072,-2.9420,-4.1133;-13.1010,-1.8843,-3.3447;-12.5583,-0.0845,-4.9831;-11.3605,-1.1316,-5.7427;-13.0746,-1.5577,-5.8107;-12.3729,0.0998,-2.0742;-10.5976,1.1480,-0.7353;0.4523,-1.7919,-0.3515;1.0793,-2.8209,-0.2642;1.7274,-4.0649,-0.1117;1.4763,-5.1045,-1.0084;2.1082,-6.3217,-0.8498;2.9960,-6.5372,0.1982;3.7099,-7.8504,0.3442;5.0709,-7.8039,-0.3554;3.2421,-5.4961,1.0878;2.6205,-4.2726,0.9405;0.7793,-4.9486,-1.8184;1.9050,-7.1227,-1.5479;3.8585,-8.0746,1.4030;3.1080,-8.6502,-0.0929;4.9437,-7.6015,-1.4166;5.5902,-8.7531,-0.2426;5.6892,-7.0164,0.0710;3.9274,-5.6505,1.9102;2.8120,-3.4716,1.6404;</g>
		<g id="5" u="A" t="cart/3d">#123,3:-6.4440,-3.5832,0.0388;-5.1797,-3.8959,0.8397;-5.0927,-3.3244,2.2105;-6.0619,-2.4907,2.5894;-7.1862,-2.2216,1.7567;-7.3626,-2.8037,0.5565;-6.0078,-2.0483,3.5722;-6.7193,-4.1923,-1.2645;-7.9995,-4.7015,-1.5281;-8.3251,-5.1260,-2.8103;-6.1305,-4.5698,-3.5908;-7.4029,-5.0515,-3.8384;-9.3103,-5.5294,-2.9916;-7.6695,-5.3773,-4.8322;-5.3855,-4.5047,-4.3672;-5.8041,-4.1488,-2.3152;-8.9812,-4.8652,-0.4436;-10.2712,-4.3633,-0.5779;-8.6494,-5.5813,0.7031;-11.2126,-4.5754,0.4127;-10.5221,-3.7874,-1.4557;-9.5924,-5.7933,1.6914;-7.6550,-5.9916,0.8062;-10.8774,-5.2952,1.5475;-12.2119,-4.1822,0.2972;-9.3271,-6.3583,2.5732;-11.6158,-5.4704,2.3160;-4.5553,-3.7007,-2.1108;-3.9666,-3.7237,3.0515;-3.9958,-4.7950,3.2628;-3.0265,-3.5120,2.5366;-3.9667,-3.1774,3.9926;-9.4807,-1.4271,1.5190;-8.1776,-0.5581,3.3157;-10.4932,-1.9373,2.5527;-9.4473,-2.0800,0.6493;-9.7526,-0.4130,1.2148;-9.2178,-1.0958,4.3096;-7.1930,-0.4921,3.7714;-8.4830,0.4471,3.0026;-10.2523,-2.9788,2.8120;-11.5062,-1.8905,2.1525;-8.9216,-2.1037,4.6398;-9.3060,-0.4403,5.1774;-8.1762,-1.3975,2.1425;-10.4923,-1.1360,3.7142;-4.1169,-5.6532,0.3498;-4.3555,-2.8327,0.0547;-1.3982,4.2173,-1.9573;-2.0288,3.2647,-1.2057;-1.4073,2.0270,-0.9399;-0.1212,1.7768,-1.4894;0.5047,2.7861,-2.2541;-0.1179,3.9802,-2.4804;-1.8862,5.1598,-2.1566;-3.0174,3.4519,-0.8152;-2.0326,1.0054,-0.1679;0.4937,0.5319,-1.2792;1.4846,2.5880,-2.6635;0.3653,4.7457,-3.0695;-0.1376,-0.4656,-0.5625;-1.3997,-0.1963,0.0133;1.4655,0.3408,-1.7107;-3.3496,1.3013,0.4386;-4.5046,0.7637,-0.0689;-3.4135,2.2348,1.5134;-5.7751,1.1636,0.4095;-4.6851,2.6102,2.0229;-2.2557,2.7684,2.1146;-5.8488,2.0848,1.4344;-4.7483,3.5192,3.1014;-2.3518,3.6427,3.1620;-1.2879,2.4680,1.7436;-6.8152,2.4091,1.7941;-3.6076,4.0259,3.6566;-5.7196,3.8034,3.4808;-1.4582,4.0421,3.6179;-3.6642,4.7201,4.4821;-2.3565,-1.4485,0.8281;-2.8512,-0.8755,2.0562;-1.6148,-2.6749,0.9367;-4.3159,-0.6430,-1.1446;-3.4664,-0.2537,-2.2345;-5.6016,-1.2021,-1.4626;-3.5557,-1.6900,-0.2022;-6.9432,0.6757,-0.2072;-7.9736,0.3529,-0.7497;-9.0502,-0.1718,-1.4938;-10.3388,0.3584,-1.4247;-11.3488,-0.1871,-2.1911;-11.1036,-1.2620,-3.0396;-12.2204,-1.8464,-3.8577;-13.0884,-2.7898,-3.0218;-9.8165,-1.7886,-3.0976;-8.7952,-1.2554,-2.3379;-10.5398,1.2052,-0.7831;-12.3433,0.2341,-2.1431;-12.8472,-1.0396,-4.2449;-11.8088,-2.3940,-4.7077;-13.4854,-2.2702,-2.1523;-13.9218,-3.1612,-3.6138;-12.5068,-3.6414,-2.6764;-9.6095,-2.6196,-3.7581;-7.7899,-1.6445,-2.3778;0.4667,-1.7266,-0.4168;1.0508,-2.7835,-0.3666;1.5490,-4.0915,-0.2099;2.8310,-4.4550,-0.6210;3.2651,-5.7540,-0.4456;2.4398,-6.7124,0.1321;2.9381,-8.1107,0.3589;3.6305,-8.2164,1.7196;1.1617,-6.3411,0.5397;0.7133,-5.0477,0.3748;3.4778,-3.7177,-1.0746;4.2596,-6.0333,-0.7656;2.1014,-8.8112,0.3262;3.6457,-8.3854,-0.4263;3.9896,-9.2293,1.8875;4.4771,-7.5351,1.7674;2.9376,-7.9561,2.5165;0.5112,-7.0796,0.9867;-0.2743,-4.7424,0.6853;</g>
		<g id="6" u="A" t="cart/3d">#123,3:-6.4056,-3.5786,0.0296;-5.1410,-3.8829,0.8332;-5.0613,-3.3122,2.2048;-6.0376,-2.4860,2.5822;-7.1627,-2.2254,1.7481;-7.3311,-2.8062,0.5460;-5.9880,-2.0445,3.5656;-6.6734,-4.1884,-1.2750;-7.9481,-4.7100,-1.5405;-8.2684,-5.1357,-2.8238;-6.0781,-4.5576,-3.6008;-7.3459,-5.0505,-3.8507;-9.2493,-5.5487,-3.0064;-7.6080,-5.3772,-4.8454;-5.3331,-4.4851,-4.3765;-5.7570,-4.1355,-2.3243;-8.9283,-4.8866,-0.4567;-10.2242,-4.4000,-0.5908;-8.5883,-5.6004,0.6891;-11.1633,-4.6250,0.3991;-10.4814,-3.8262,-1.4682;-9.5291,-5.8252,1.6766;-7.5892,-5.9992,0.7919;-10.8199,-5.3424,1.5329;-12.1674,-4.2437,0.2839;-9.2574,-6.3885,2.5575;-11.5565,-5.5277,2.3008;-4.5122,-3.6778,-2.1170;-3.9344,-3.7043,3.0481;-3.9564,-4.7762,3.2579;-2.9944,-3.4850,2.5360;-3.9410,-3.1593,3.9900;-9.4641,-1.4504,1.5077;-8.1735,-0.5784,3.3118;-10.4756,-1.9732,2.5360;-9.4229,-2.0990,0.6352;-9.7437,-0.4372,1.2073;-9.2116,-1.1302,4.3002;-7.1909,-0.5062,3.7709;-8.4866,0.4258,3.0030;-10.2278,-3.0142,2.7909;-11.4878,-1.9319,2.1329;-8.9078,-2.1374,4.6255;-9.3073,-0.4803,5.1714;-8.1615,-1.4122,2.1346;-10.4843,-1.1778,3.7014;-4.0643,-5.6318,0.3440;-4.3226,-2.8131,0.0513;-1.4202,4.2506,-1.9676;-2.0429,3.2954,-1.2128;-1.4096,2.0655,-0.9396;-0.1192,1.8257,-1.4838;0.4984,2.8377,-2.2515;-0.1360,4.0241,-2.4859;-1.9177,5.1868,-2.1733;-3.0346,3.4740,-0.8259;-2.0278,1.0409,-0.1660;0.5081,0.5886,-1.2637;1.4816,2.6482,-2.6571;0.3410,4.7914,-3.0777;-0.1165,-0.4124,-0.5461;-1.3860,-0.1553,0.0196;1.4847,0.4064,-1.6881;-3.3471,1.3283,0.4390;-4.4975,0.7824,-0.0691;-3.4181,2.2605,1.5144;-5.7712,1.1706,0.4102;-4.6927,2.6238,2.0252;-2.2647,2.8040,2.1152;-5.8522,2.0892,1.4368;-4.7632,3.5299,3.1057;-2.3679,3.6751,3.1645;-1.2946,2.5136,1.7423;-6.8212,2.4042,1.7979;-3.6268,4.0455,3.6613;-5.7368,3.8046,3.4862;-1.4777,4.0820,3.6204;-3.6889,4.7370,4.4887;-2.3357,-1.4152,0.8308;-2.8374,-0.8470,2.0583;-1.5853,-2.6364,0.9397;-4.2961,-0.6218,-1.1458;-3.4469,-0.2254,-2.2332;-5.5770,-1.1899,-1.4674;-3.5305,-1.6643,-0.2026;-6.9350,0.6742,-0.2074;-7.9620,0.3451,-0.7526;-9.0370,-0.1858,-1.4943;-10.3280,0.3382,-1.4213;-11.3377,-0.2127,-2.1840;-11.0898,-1.2869,-3.0328;-12.2073,-1.8780,-3.8450;-13.0722,-2.8166,-3.0005;-9.8000,-1.8064,-3.0956;-8.7789,-1.2677,-2.3395;-10.5309,1.1841,-0.7792;-12.3343,0.2032,-2.1327;-11.7969,-2.4308,-4.6921;-12.8359,-1.0746,-4.2363;-12.4877,-3.6634,-2.6481;-13.9048,-3.1956,-3.5886;-13.4700,-2.2907,-2.1352;-9.5908,-2.6363,-3.7569;-7.7717,-1.6515,-2.3832;0.5017,-1.6648,-0.3863;1.1014,-2.7118,-0.3165;1.6103,-4.0133,-0.1416;0.7563,-4.9865,0.3859;1.2138,-6.2745,0.5676;2.5212,-6.6219,0.2394;2.9977,-8.0371,0.3981;2.7218,-8.8372,-0.8771;3.3639,-5.6473,-0.2838;2.9205,-4.3537,-0.4766;-0.2516,-4.6980,0.6428;0.5498,-7.0256,0.9722;2.4821,-8.5098,1.2367;4.0701,-8.0481,0.6051;3.2394,-8.3900,-1.7230;1.6560,-8.8443,-1.0938;3.0618,-9.8644,-0.7648;4.3814,-5.9080,-0.5409;3.5827,-3.6025,-0.8830;</g>
		<g id="7" u="A" t="cart/3d">#123,3:-6.4301,-3.5560,0.0038;-5.1676,-3.8762,0.8047;-5.0818,-3.3139,2.1794;-6.0503,-2.4809,2.5622;-7.1724,-2.2045,1.7294;-7.3482,-2.7782,0.5252;-5.9971,-2.0459,3.5483;-6.7043,-4.1563,-1.3037;-7.9837,-4.6668,-1.5722;-8.3022,-5.0950,-2.8552;-6.1060,-4.5351,-3.6277;-7.3758,-5.0210,-3.8796;-9.2856,-5.5015,-3.0393;-7.6372,-5.3504,-4.8737;-5.3578,-4.4697,-4.4011;-5.7856,-4.1122,-2.3512;-8.9722,-4.8303,-0.4936;-10.2688,-4.3483,-0.6417;-8.6382,-5.5282,0.6641;-11.2100,-4.5554,0.3506;-10.5302,-3.7938,-1.5303;-9.5819,-5.7373,1.6520;-7.6404,-5.9277,0.7760;-10.8711,-5.2532,1.4977;-12.2131,-4.1751,0.2258;-9.3140,-6.2884,2.5417;-11.6102,-5.4240,2.2666;-4.5381,-3.6619,-2.1428;-3.9578,-3.7206,3.0197;-3.9904,-4.7929,3.2260;-3.0165,-3.5094,2.5065;-3.9570,-3.1786,3.9633;-9.4666,-1.4069,1.4992;-8.1570,-0.5425,3.2936;-10.4800,-1.9118,2.5347;-9.4377,-2.0605,0.6298;-9.7349,-0.3920,1.1945;-9.1964,-1.0775,4.2895;-7.1708,-0.4796,3.7463;-8.4602,0.4636,2.9813;-10.2449,-2.9549,2.7929;-11.4933,-1.8588,2.1359;-8.9036,-2.0872,4.6170;-9.2798,-0.4232,5.1586;-8.1613,-1.3817,2.1202;-10.4726,-1.1114,3.6968;-4.1071,-5.6320,0.3052;-4.3403,-2.8094,0.0281;-1.3608,4.2529,-1.9223;-1.9989,3.2928,-1.1869;-1.3791,2.0534,-0.9258;-0.0882,1.8079,-1.4660;0.5455,2.8250,-2.2137;-0.0745,4.0216,-2.4334;-1.8471,5.1971,-2.1180;-2.9921,3.4756,-0.8060;-2.0101,1.0260,-0.1658;0.5249,0.5611,-1.2608;1.5296,2.6310,-2.6149;0.4150,4.7939,-3.0082;-0.1124,-0.4423,-0.5579;-1.3798,-0.1780,0.0087;1.5011,0.3746,-1.6843;-3.3279,1.3215,0.4388;-4.4829,0.7881,-0.0725;-3.3919,2.2534,1.5152;-5.7537,1.1930,0.4014;-4.6640,2.6345,2.0194;-2.2343,2.7814,2.1214;-5.8276,2.1142,1.4263;-4.7276,3.5448,3.0968;-2.3309,3.6572,3.1676;-1.2663,2.4756,1.7555;-6.7941,2.4433,1.7816;-3.5870,4.0471,3.6560;-5.6993,3.8336,3.4718;-1.4375,4.0526,3.6273;-3.6438,4.7429,4.4802;-2.3402,-1.4338,0.8137;-2.8358,-0.8679,2.0448;-1.6008,-2.6622,0.9154;-4.2949,-0.6120,-1.1569;-3.4429,-0.2173,-2.2429;-5.5812,-1.1666,-1.4807;-3.5380,-1.6665,-0.2202;-6.9199,0.7075,-0.2206;-7.9484,0.3859,-0.7678;-9.0075,-0.1655,-1.5179;-10.3203,0.2966,-1.4262;-11.3128,-0.2988,-2.1790;-11.0236,-1.3539,-3.0372;-12.1034,-1.9666,-3.8824;-12.2497,-1.2014,-5.1993;-9.7080,-1.7991,-3.1334;-8.7059,-1.2205,-2.3832;-10.5572,1.1236,-0.7711;-12.3300,0.0598,-2.1033;-13.0545,-1.9426,-3.3457;-11.8593,-3.0089,-4.0996;-11.3135,-1.2208,-5.7526;-12.5109,-0.1633,-5.0069;-13.0277,-1.6473,-5.8149;-9.4686,-2.6115,-3.8058;-7.6826,-1.5564,-2.4392;0.4918,-1.7035,-0.4126;1.0792,-2.7584,-0.3592;1.5747,-4.0671,-0.1985;2.8621,-4.4309,-0.5917;3.2910,-5.7318,-0.4163;2.4549,-6.6915,0.1433;2.9446,-8.0934,0.3674;3.5944,-8.2190,1.7472;1.1719,-6.3193,0.5348;0.7287,-5.0241,0.3701;3.5171,-3.6927,-1.0321;4.2897,-6.0115,-0.7227;2.1080,-8.7917,0.2994;3.6756,-8.3591,-0.3993;3.9443,-9.2355,1.9132;2.8782,-7.9659,2.5257;4.4418,-7.5419,1.8298;0.5134,-7.0587,0.9687;-0.2625,-4.7180,0.6677;</g>
		<g id="8" u="A" t="cart/3d">#123,3:-6.4271,-3.5861,0.0120;-5.1488,-3.8980,0.7909;-5.0422,-3.3336,2.1635;-6.0087,-2.5059,2.5623;-7.1473,-2.2366,1.7495;-7.3402,-2.8128,0.5489;-5.9389,-2.0695,3.5468;-6.7208,-4.1897,-1.2894;-8.0012,-4.7087,-1.5309;-8.3448,-5.1383,-2.8067;-6.1685,-4.5640,-3.6248;-7.4404,-5.0579,-3.8500;-9.3291,-5.5510,-2.9706;-7.7204,-5.3889,-4.8385;-5.4383,-4.4938,-4.4146;-5.8237,-4.1394,-2.3553;-8.9656,-4.8765,-0.4313;-10.2593,-4.3797,-0.5478;-8.6150,-5.5905,0.7110;-11.1859,-4.5947,0.4562;-10.5249,-3.8059,-1.4228;-9.5433,-5.8057,1.7124;-7.6177,-5.9969,0.8011;-10.8321,-5.3126,1.5864;-12.1882,-4.2051,0.3544;-9.2636,-6.3695,2.5906;-11.5592,-5.4909,2.3651;-4.5753,-3.6818,-2.1716;-3.9013,-3.7331,2.9839;-3.9150,-4.8083,3.1777;-2.9701,-3.5021,2.4604;-3.8957,-3.2024,3.9341;-9.4430,-1.4331,1.5419;-8.1189,-0.5850,3.3341;-10.4584,-1.9292,2.5795;-9.4224,-2.0867,0.6722;-9.7029,-0.4156,1.2380;-9.1618,-1.1114,4.3311;-7.1322,-0.5354,3.7870;-8.4105,0.4264,3.0271;-10.2334,-2.9750,2.8358;-11.4723,-1.8650,2.1838;-8.8786,-2.1249,4.6559;-9.2351,-0.4582,5.2020;-8.1348,-1.4205,2.1580;-10.4398,-1.1308,3.7428;-4.0870,-5.6483,0.2746;-4.3414,-2.8274,-0.0014;-1.4541,4.2449,-2.0217;-2.0662,3.2843,-1.2651;-1.4320,2.0502,-1.0141;-0.1531,1.8105,-1.5850;0.4541,2.8280,-2.3533;-0.1798,4.0192,-2.5640;-1.9527,5.1841,-2.2098;-3.0506,3.4620,-0.8595;-2.0389,1.0215,-0.2371;0.4726,0.5685,-1.3893;1.4292,2.6402,-2.7788;0.2905,4.7907,-3.1558;-0.1419,-0.4366,-0.6682;-1.3975,-0.1784,-0.0746;1.4396,0.3854,-1.8349;-3.3471,1.3080,0.3924;-4.5066,0.7692,-0.1027;-3.4008,2.2324,1.4755;-5.7727,1.1629,0.3918;-4.6675,2.5968,2.0055;-2.2381,2.7656,2.0671;-5.8369,2.0754,1.4251;-4.7205,3.4903,3.0972;-2.3242,3.6234,3.1290;-1.2739,2.4772,1.6777;-6.8001,2.3945,1.7979;-3.5750,3.9923,3.6466;-5.6882,3.7654,3.4923;-1.4265,4.0204,3.5788;-3.6242,4.6720,4.4845;-2.3360,-1.4395,0.7478;-2.8130,-0.8750,1.9869;-1.5873,-2.6629,0.8380;-4.3298,-0.6309,-1.1890;-3.4991,-0.2323,-2.2901;-5.6182,-1.1931,-1.4896;-3.5506,-1.6800,-0.2646;-6.9460,0.6777,-0.2166;-7.9822,0.3575,-0.7497;-9.0679,-0.1662,-1.4812;-8.8287,-1.2513,-2.3273;-9.8637,-1.7834,-3.0698;-11.1483,-1.2535,-2.9928;-12.2808,-1.8368,-3.7898;-13.1491,-2.7587,-2.9304;-11.3769,-0.1750,-2.1439;-10.3539,0.3685,-1.3941;-7.8255,-1.6440,-2.3833;-9.6686,-2.6164,-3.7316;-12.9033,-1.0286,-4.1809;-11.8854,-2.4007,-4.6368;-13.9889,-3.1356,-3.5099;-13.5369,-2.2206,-2.0681;-12.5703,-3.6074,-2.5731;-12.3693,0.2497,-2.0823;-10.5416,1.2171,-0.7511;0.4792,-1.6908,-0.5338;1.0933,-2.7310,-0.4980;1.6584,-4.0147,-0.3707;2.9515,-4.2927,-0.8158;3.4664,-5.5660,-0.6801;2.7126,-6.5848,-0.1070;3.3020,-7.9544,0.0742;4.0835,-8.0308,1.3878;1.4245,-6.2990,0.3359;0.8948,-5.0312,0.2090;3.5425,-3.5073,-1.2651;4.4685,-5.7782,-1.0275;3.9747,-8.1809,-0.7558;2.5070,-8.7023,0.0846;4.8908,-7.3016,1.3897;3.4287,-7.8174,2.2293;4.5103,-9.0225,1.5214;0.8291,-7.0843,0.7804;-0.1033,-4.7964,0.5470;</g>
	</conformers>
	<properties/>
</molecule>
