<?xml version="1.0" ?>
<!--MOLLI PACKAGE EXPERIMENTAL XML FORMAT-->
<molecule name="BASE_TS_R-ax-S_2a.mol2_obabel_ClC#Cc1ccc_CC_cc1_tmp.xyz_to.mol2">
	<atoms>
		<a id="1" s="C" t="C.ar" l="C1"/>
		<a id="2" s="C" t="C" l="C2"/>
		<a id="3" s="C" t="C.ar" l="C3"/>
		<a id="4" s="C" t="C.ar" l="C4"/>
		<a id="5" s="C" t="C.ar" l="C5"/>
		<a id="6" s="N" t="N.ar" l="N6"/>
		<a id="7" s="H" t="H" l="H7"/>
		<a id="8" s="C" t="C.ar" l="C8"/>
		<a id="9" s="C" t="C.ar" l="C9"/>
		<a id="10" s="C" t="C.ar" l="C10"/>
		<a id="11" s="C" t="C.ar" l="C11"/>
		<a id="12" s="C" t="C.ar" l="C12"/>
		<a id="13" s="H" t="H" l="H13"/>
		<a id="14" s="H" t="H" l="H14"/>
		<a id="15" s="H" t="H" l="H15"/>
		<a id="16" s="C" t="C.ar" l="C16"/>
		<a id="17" s="C" t="C.ar" l="C17"/>
		<a id="18" s="C" t="C.ar" l="C18"/>
		<a id="19" s="C" t="C.ar" l="C19"/>
		<a id="20" s="C" t="C.ar" l="C20"/>
		<a id="21" s="H" t="H" l="H21"/>
		<a id="22" s="C" t="C.ar" l="C22"/>
		<a id="23" s="H" t="H" l="H23"/>
		<a id="24" s="C" t="C.ar" l="C24"/>
		<a id="25" s="H" t="H" l="H25"/>
		<a id="26" s="H" t="H" l="H26"/>
		<a id="27" s="H" t="H" l="H27"/>
		<a id="28" s="F" t="F" l="F28"/>
		<a id="29" s="C" t="C.3" l="C29"/>
		<a id="30" s="H" t="H" l="H30"/>
		<a id="31" s="H" t="H" l="H31"/>
		<a id="32" s="H" t="H" l="H32"/>
		<a id="33" s="C" t="C.3" l="C33"/>
		<a id="34" s="C" t="C.3" l="C34"/>
		<a id="35" s="C" t="C.3" l="C35"/>
		<a id="36" s="H" t="H" l="H36"/>
		<a id="37" s="H" t="H" l="H37"/>
		<a id="38" s="C" t="C.3" l="C38"/>
		<a id="39" s="H" t="H" l="H39"/>
		<a id="40" s="H" t="H" l="H40"/>
		<a id="41" s="H" t="H" l="H41"/>
		<a id="42" s="H" t="H" l="H42"/>
		<a id="43" s="H" t="H" l="H43"/>
		<a id="44" s="H" t="H" l="H44"/>
		<a id="45" s="N" t="N.pl3" l="N45"/>
		<a id="46" s="O" t="O.3" l="O46"/>
		<a id="47" s="I" t="I" l="I"/>
		<a id="48" s="H" t="H" l="H48"/>
		<a id="49" s="C" t="C.ar" l="C49"/>
		<a id="50" s="C" t="C.ar" l="C50"/>
		<a id="51" s="C" t="C.ar" l="C51"/>
		<a id="52" s="C" t="C.ar" l="C52"/>
		<a id="53" s="C" t="C.ar" l="C53"/>
		<a id="54" s="C" t="C.ar" l="C54"/>
		<a id="55" s="H" t="H" l="H55"/>
		<a id="56" s="H" t="H" l="H56"/>
		<a id="57" s="C" t="C.ar" l="C57"/>
		<a id="58" s="C" t="C.ar" l="C58"/>
		<a id="59" s="H" t="H" l="H59"/>
		<a id="60" s="H" t="H" l="H60"/>
		<a id="61" s="C" t="C.ar" l="C61"/>
		<a id="62" s="C" t="C.ar" l="C62"/>
		<a id="63" s="H" t="H" l="H63"/>
		<a id="64" s="C" t="C.ar" l="C64"/>
		<a id="65" s="C" t="C.ar" l="C65"/>
		<a id="66" s="C" t="C.ar" l="C66"/>
		<a id="67" s="C" t="C.ar" l="C67"/>
		<a id="68" s="C" t="C.ar" l="C68"/>
		<a id="69" s="C" t="C.ar" l="C69"/>
		<a id="70" s="C" t="C.ar" l="C70"/>
		<a id="71" s="C" t="C.ar" l="C71"/>
		<a id="72" s="C" t="C.ar" l="C72"/>
		<a id="73" s="H" t="H" l="H73"/>
		<a id="74" s="H" t="H" l="H74"/>
		<a id="75" s="C" t="C.ar" l="C75"/>
		<a id="76" s="H" t="H" l="H76"/>
		<a id="77" s="H" t="H" l="H77"/>
		<a id="78" s="H" t="H" l="H78"/>
		<a id="79" s="S" t="S.O2" l="S79"/>
		<a id="80" s="O" t="O.2" l="O80"/>
		<a id="81" s="O" t="O.2" l="O81"/>
		<a id="82" s="S" t="S.O2" l="S82"/>
		<a id="83" s="O" t="O.2" l="O83"/>
		<a id="84" s="O" t="O.2" l="O84"/>
		<a id="85" s="N" t="N.3" l="N85"/>
		<a id="86" s="C" t="C.1" l="C"/>
		<a id="87" s="C" t="C.1" l="C"/>
		<a id="88" s="C" t="C.ar" l="C"/>
		<a id="89" s="C" t="C.ar" l="C"/>
		<a id="90" s="C" t="C.ar" l="C"/>
		<a id="91" s="C" t="C.ar" l="C"/>
		<a id="92" s="C" t="C.3" l="C"/>
		<a id="93" s="C" t="C.3" l="C"/>
		<a id="94" s="C" t="C.ar" l="C"/>
		<a id="95" s="C" t="C.ar" l="C"/>
		<a id="96" s="H" t="H" l="H"/>
		<a id="97" s="H" t="H" l="H"/>
		<a id="98" s="H" t="H" l="H"/>
		<a id="99" s="H" t="H" l="H"/>
		<a id="100" s="H" t="H" l="H"/>
		<a id="101" s="H" t="H" l="H"/>
		<a id="102" s="H" t="H" l="H"/>
		<a id="103" s="H" t="H" l="H"/>
		<a id="104" s="H" t="H" l="H"/>
		<a id="105" s="C" t="C.1" l="C"/>
		<a id="106" s="C" t="C.1" l="C"/>
		<a id="107" s="C" t="C.ar" l="C"/>
		<a id="108" s="C" t="C.ar" l="C"/>
		<a id="109" s="C" t="C.ar" l="C"/>
		<a id="110" s="C" t="C.ar" l="C"/>
		<a id="111" s="C" t="C.3" l="C"/>
		<a id="112" s="C" t="C.3" l="C"/>
		<a id="113" s="C" t="C.ar" l="C"/>
		<a id="114" s="C" t="C.ar" l="C"/>
		<a id="115" s="H" t="H" l="H"/>
		<a id="116" s="H" t="H" l="H"/>
		<a id="117" s="H" t="H" l="H"/>
		<a id="118" s="H" t="H" l="H"/>
		<a id="119" s="H" t="H" l="H"/>
		<a id="120" s="H" t="H" l="H"/>
		<a id="121" s="H" t="H" l="H"/>
		<a id="122" s="H" t="H" l="H"/>
		<a id="123" s="H" t="H" l="H"/>
	</atoms>
	<bonds>
		<b id="1" c="1 2" t="ar"/>
		<b id="2" c="1 6" t="ar"/>
		<b id="3" c="1 8" t="1"/>
		<b id="4" c="2 3" t="ar"/>
		<b id="5" c="2 47" t="1"/>
		<b id="6" c="2 48" t="1"/>
		<b id="7" c="3 4" t="ar"/>
		<b id="8" c="3 29" t="1"/>
		<b id="9" c="4 5" t="ar"/>
		<b id="10" c="4 7" t="1"/>
		<b id="11" c="5 6" t="ar"/>
		<b id="12" c="5 45" t="1"/>
		<b id="13" c="8 9" t="ar"/>
		<b id="14" c="8 16" t="ar"/>
		<b id="15" c="9 10" t="ar"/>
		<b id="16" c="9 17" t="1"/>
		<b id="17" c="10 12" t="ar"/>
		<b id="18" c="10 13" t="1"/>
		<b id="19" c="11 12" t="ar"/>
		<b id="20" c="11 15" t="1"/>
		<b id="21" c="11 16" t="ar"/>
		<b id="22" c="12 14" t="1"/>
		<b id="23" c="16 28" t="1"/>
		<b id="24" c="17 18" t="ar"/>
		<b id="25" c="17 19" t="ar"/>
		<b id="26" c="18 20" t="ar"/>
		<b id="27" c="18 21" t="1"/>
		<b id="28" c="19 22" t="ar"/>
		<b id="29" c="19 23" t="1"/>
		<b id="30" c="20 24" t="ar"/>
		<b id="31" c="20 25" t="1"/>
		<b id="32" c="22 24" t="ar"/>
		<b id="33" c="22 26" t="1"/>
		<b id="34" c="24 27" t="1"/>
		<b id="35" c="29 30" t="1"/>
		<b id="36" c="29 31" t="1"/>
		<b id="37" c="29 32" t="1"/>
		<b id="38" c="33 35" t="1"/>
		<b id="39" c="33 36" t="1"/>
		<b id="40" c="33 37" t="1"/>
		<b id="41" c="33 45" t="1"/>
		<b id="42" c="34 38" t="1"/>
		<b id="43" c="34 39" t="1"/>
		<b id="44" c="34 40" t="1"/>
		<b id="45" c="34 45" t="1"/>
		<b id="46" c="35 41" t="1"/>
		<b id="47" c="35 42" t="1"/>
		<b id="48" c="35 46" t="1"/>
		<b id="49" c="38 43" t="1"/>
		<b id="50" c="38 44" t="1"/>
		<b id="51" c="38 46" t="1"/>
		<b id="52" c="48 85" t="1"/>
		<b id="53" c="49 50" t="ar"/>
		<b id="54" c="49 54" t="ar"/>
		<b id="55" c="49 55" t="1"/>
		<b id="56" c="50 51" t="ar"/>
		<b id="57" c="50 56" t="1"/>
		<b id="58" c="51 52" t="ar"/>
		<b id="59" c="51 57" t="ar"/>
		<b id="60" c="52 53" t="ar"/>
		<b id="61" c="52 58" t="ar"/>
		<b id="62" c="53 54" t="ar"/>
		<b id="63" c="53 59" t="1"/>
		<b id="64" c="54 60" t="1"/>
		<b id="65" c="57 62" t="ar"/>
		<b id="66" c="57 64" t="1"/>
		<b id="67" c="58 61" t="ar"/>
		<b id="68" c="58 63" t="1"/>
		<b id="69" c="61 62" t="ar"/>
		<b id="70" c="62 79" t="1"/>
		<b id="71" c="64 65" t="ar"/>
		<b id="72" c="64 66" t="ar"/>
		<b id="73" c="65 67" t="ar"/>
		<b id="74" c="65 82" t="1"/>
		<b id="75" c="66 68" t="ar"/>
		<b id="76" c="66 69" t="ar"/>
		<b id="77" c="67 70" t="ar"/>
		<b id="78" c="68 70" t="ar"/>
		<b id="79" c="68 71" t="ar"/>
		<b id="80" c="69 72" t="ar"/>
		<b id="81" c="69 73" t="1"/>
		<b id="82" c="70 74" t="1"/>
		<b id="83" c="71 75" t="ar"/>
		<b id="84" c="71 76" t="1"/>
		<b id="85" c="72 75" t="ar"/>
		<b id="86" c="72 77" t="1"/>
		<b id="87" c="75 78" t="1"/>
		<b id="88" c="79 80" t="2"/>
		<b id="89" c="79 81" t="2"/>
		<b id="90" c="79 85" t="1"/>
		<b id="91" c="82 83" t="2"/>
		<b id="92" c="82 84" t="2"/>
		<b id="93" c="82 85" t="1"/>
		<b id="94" c="104 95" t="1"/>
		<b id="95" c="103 94" t="1"/>
		<b id="96" c="95 94" t="ar"/>
		<b id="97" c="95 88" t="ar"/>
		<b id="98" c="94 91" t="ar"/>
		<b id="99" c="86 87" t="3"/>
		<b id="100" c="87 88" t="1"/>
		<b id="101" c="88 89" t="ar"/>
		<b id="102" c="99 92" t="1"/>
		<b id="103" c="100 93" t="1"/>
		<b id="104" c="91 92" t="1"/>
		<b id="105" c="91 90" t="ar"/>
		<b id="106" c="92 93" t="1"/>
		<b id="107" c="92 98" t="1"/>
		<b id="108" c="93 101" t="1"/>
		<b id="109" c="93 102" t="1"/>
		<b id="110" c="89 90" t="ar"/>
		<b id="111" c="89 96" t="1"/>
		<b id="112" c="90 97" t="1"/>
		<b id="113" c="67 86" t="1"/>
		<b id="114" c="123 114" t="1"/>
		<b id="115" c="122 113" t="1"/>
		<b id="116" c="114 113" t="ar"/>
		<b id="117" c="114 107" t="ar"/>
		<b id="118" c="113 110" t="ar"/>
		<b id="119" c="105 106" t="3"/>
		<b id="120" c="106 107" t="1"/>
		<b id="121" c="107 108" t="ar"/>
		<b id="122" c="118 111" t="1"/>
		<b id="123" c="119 112" t="1"/>
		<b id="124" c="110 111" t="1"/>
		<b id="125" c="110 109" t="ar"/>
		<b id="126" c="111 112" t="1"/>
		<b id="127" c="111 117" t="1"/>
		<b id="128" c="112 120" t="1"/>
		<b id="129" c="112 121" t="1"/>
		<b id="130" c="108 109" t="ar"/>
		<b id="131" c="108 115" t="1"/>
		<b id="132" c="109 116" t="1"/>
		<b id="133" c="61 105" t="1"/>
	</bonds>
	<geometry>
		<g u="A" t="cart/3d">#123,3:-6.4324,-3.9140,0.2869;-5.1181,-4.0783,0.9153;-5.0364,-3.6201,2.3103;-6.0111,-2.8047,2.7913;-7.1559,-2.5287,1.9887;-7.3702,-3.1719,0.8131;-5.9353,-2.4214,3.7896;-6.7803,-4.5215,-1.0234;-8.1077,-4.9891,-1.2702;-8.4273,-5.4843,-2.5325;-6.2035,-5.0798,-3.3069;-7.4906,-5.5321,-3.5366;-9.4251,-5.8452,-2.7094;-7.7578,-5.9214,-4.5053;-5.4676,-5.1003,-4.0898;-5.8407,-4.5689,-2.0826;-9.1420,-5.0051,-0.2110;-10.3932,-4.4201,-0.4250;-8.9031,-5.6138,1.0248;-11.3609,-4.4465,0.5514;-10.5753,-3.9084,-1.3523;-9.8745,-5.6344,1.9983;-7.9403,-6.0584,1.2067;-11.1062,-5.0557,1.7640;-12.3168,-3.9803,0.3727;-9.6724,-6.1020,2.9487;-11.8642,-5.0715,2.5290;-4.5989,-4.0367,-1.9413;-3.8668,-3.9852,3.1650;-4.1105,-4.8156,3.8281;-3.0121,-4.2756,2.5528;-3.5537,-3.1374,3.7754;-9.2889,-1.3775,1.5576;-8.0843,-0.7823,3.6004;-10.5575,-1.5268,2.3924;-9.2755,-2.0674,0.7072;-9.2203,-0.3650,1.1522;-9.3950,-0.9563,4.3667;-7.2205,-1.0208,4.2248;-7.9666,0.2588,3.2880;-10.6735,-2.5591,2.7401;-11.4570,-1.2742,1.8164;-9.4937,-1.9837,4.7353;-9.4512,-0.2927,5.2388;-8.1079,-1.6199,2.3903;-10.5230,-0.6864,3.5407;-4.0937,-5.8887,0.4806;-4.4295,-3.1703,0.3545;-1.4986,4.0612,-1.9582;-2.1098,3.1033,-1.1705;-1.4896,1.8887,-0.9004;-0.2079,1.6407,-1.4774;0.3936,2.6392,-2.2710;-0.2485,3.8285,-2.5017;-2.0062,4.9918,-2.1589;-3.0941,3.2861,-0.7779;-2.1507,0.8598,-0.1063;0.4029,0.4060,-1.2597;1.3600,2.4491,-2.7079;0.2161,4.5803,-3.1197;-0.2459,-0.5810,-0.5040;-1.5169,-0.3886,0.0279;1.3674,0.1927,-1.6932;-3.4770,1.1565,0.4866;-4.6459,0.4905,0.0786;-3.5963,2.1829,1.5139;-5.8889,0.9298,0.5254;-4.8795,2.5440,2.0273;-2.4707,2.7834,2.0654;-6.0159,1.9175,1.5127;-4.9608,3.5128,3.0487;-2.5820,3.7250,3.0717;-1.4974,2.4855,1.7180;-6.9971,2.1813,1.8752;-3.8249,4.0892,3.5566;-5.9287,3.7863,3.4351;-1.6916,4.1692,3.4885;-3.8984,4.8216,4.3447;-2.4100,-1.6686,0.8838;-2.8588,-1.1059,2.1296;-1.6302,-2.8672,0.9631;-4.4520,-0.9285,-0.9984;-3.6752,-0.5032,-2.1239;-5.7300,-1.5199,-1.2542;-3.6524,-1.9814,-0.0864;-7.1150,0.8475,-0.3623;-8.0078,0.3132,-0.9934;-8.9622,-0.4381,-1.7170;-10.2943,-0.0562,-1.7976;-11.2017,-0.8184,-2.5025;-10.8046,-1.9803,-3.1479;-11.7821,-2.7868,-3.9493;-11.8038,-2.3873,-5.4158;-9.4723,-2.3559,-3.0750;-8.5680,-1.6052,-2.3572;-10.6108,0.8440,-1.2989;-12.2318,-0.5113,-2.5629;-12.7809,-2.6791,-3.5083;-11.5365,-3.8512,-3.8467;-10.8216,-2.5186,-5.8731;-12.5186,-2.9776,-5.9933;-12.0732,-1.3361,-5.5319;-9.1496,-3.2495,-3.5795;-7.5426,-1.9190,-2.2583;0.6842,-1.7181,-0.1302;1.2466,-2.7705,0.1053;1.8113,-4.0285,0.4094;3.1459,-4.3088,0.1480;3.6795,-5.5404,0.4608;2.8971,-6.5269,1.0424;3.5040,-7.8416,1.4322;4.2950,-7.7578,2.7284;1.5627,-6.2476,1.3044;1.0263,-5.0175,0.9881;3.7617,-3.5478,-0.3006;4.7180,-5.7449,0.2624;4.1464,-8.1918,0.6143;2.7100,-8.5942,1.5171;3.6600,-7.4361,3.5559;4.7370,-8.7175,3.0046;5.1073,-7.0330,2.6475;0.9472,-7.0019,1.7644;-0.0103,-4.7984,1.1840;</g>
	</geometry>
	<conformers/>
	<properties/>
</molecule>
